Bus,Bus 01,Bus 02,Bus 03,Bus 04,Bus 05,Bus 06,Bus 07,Bus 08,Bus 09,Bus 10,Bus 11,Bus 12,Bus 13,Bus 14,Bus 15,Bus 16,Bus 17,Bus 18,Bus 19,Bus 20,Bus 21,Bus 22,Bus 23,Bus 24,Bus 25,Bus 26,Bus 27,Bus 28,Bus 29,Bus 30,Bus 31,Bus 32,Bus 33,Bus 34,Bus 35,Bus 36,Bus 39,PV1 LV,PV2 LV
Bus 01,(1.6909282680472422+18.64743859778847j),(1.1698651737672212+0.2529773343692066j),(0.11274083329267601-0.13546312651295545j),(-0.0030480581796128474-0.011233322117526288j),(-0.00039018741896431654-0.0029168734339671985j),(-0.0007512936448765032-0.000859434351934915j),(0.00010602746986874053-0.00244176099995849j),(0.0036053619122451155-0.004506755393003687j),(0.17622277488944496+0.013387663117785956j),(-0.00035696225047775546-0.00011193529174602132j),(-0.0005209292741455927-0.0007140985379894149j),(-0.0005212606885764402-0.0007275205976767675j),(-0.0005272015327401628-0.0007496065041097874j),(-0.00157905976157929-0.0042578428250755265j),(-0.0010623331890138906-0.00010932782905224143j),(-0.0026231678568917316-0.002163779279283227j),(-0.002994199810007565-0.021478385529531293j),(-0.0037134863787320234-0.048736960089649124j),(-7.623112944864046e-05+3.4989206217959504e-05j),(-6.670305601708142e-05+4.3269805865077714e-05j),(-0.0005662317925042751+7.617002940066029e-05j),(-1.1825983870322992e-05+4.6313558868615924e-05j),(1.3308600620670099e-05+4.37191599428313e-05j),(-0.0012197903431414208+0.0008407172384599558j),(0.2903116755261422-0.06733739408738315j),(0.0005958287451487645-0.00011561080057610106j),(-0.00266521993671974-0.0015443317895369637j),(1.5218784278759895e-05-4.318750047999978e-05j),(7.120079169331497e-07-3.057613138904206e-07j),(1.1904033677390329+0.20104419619168667j),(-0.0007996479570283623-0.0007240136282490262j),(-0.0003501752518851539-7.254782804378912e-05j),(-7.197819965979951e-05+3.929791960069158e-05j),(-6.313010374626673e-05+4.5896512878369314e-05j),(-8.274498109804694e-06+4.6335167215569946e-05j),(1.7684800693232934e-05+4.167783595122052e-05j),(0.29416995304960997+0.028792933628055253j),(-5.356341608016065e-09-4.127062227921905e-08j),(1.588889128717481e-06-2.2872736663269922e-05j)
Bus 02,(1.1698651737672208+0.2529773343692066j),(3.100216803867234+0.6177919255570937j),(0.29193988378620994-0.36257473832240567j),(-0.008344239387308305-0.029230111942796948j),(-0.0024723016900873246-0.004733111884846216j),(-0.0015988895607887742-0.0007868611674515432j),(-0.0007315611998943358+8.883587917044737e-05j),(-0.0008159716382085794-0.0003387703585151396j),(0.003932757961225071-0.010509598987138508j),(-0.0008245804184956024-0.0002245992140502209j),(-0.0012492823793463755-0.001570681638945963j),(-0.0012529825571111915-0.0016156358578847743j),(-0.0012702387566734478-0.0016798820737240117j),(-0.004213733068192585-0.010946585650834837j),(-0.002786776680546508-0.00023822933479712173j),(-0.007017046408476779-0.00560390125093748j),(-0.008825775071895485-0.056595573054402736j),(-0.011893570010169198-0.1285521749878494j),(-0.00019982910830011885+9.557727898667298e-05j),(-0.00017432364346834915+0.0001170442766767246j),(-0.0014919766476940218+0.00022480061076141398j),(-2.9291002312240143e-05+0.0001227874187100815j),(3.6969556746861305e-05+0.00011488608945857536j),(-0.003185767339693815+0.002270942971287287j),(0.7637538615947601-0.1902960553733527j),(0.00156848007413071-0.0003309056927136286j),(-0.007104791017428151-0.003964573412082029j),(3.8333496715047607e-05-0.00011470233791295322j),(1.8671116949826554e-06-8.380423527584005e-07j),(3.1522221746657317+0.47976590259950164j),(-0.0015871891127251375-0.0005626893205920306j),(-0.0008056741441276676-0.0001352726634896395j),(-0.00018841893676294056+0.00010677684729065812j),(-0.000164779296380459+0.00012383085581380184j),(-1.9912239453509486e-05+0.0001226960137818911j),(4.843977847424648e-05+0.00010931294240015359j),(0.007373580451738487-0.017391895304430274j),(-1.5918355392606214e-08-1.0875614696356027e-07j),(3.2130098870449236e-06-6.046996859922436e-05j)
Bus 03,(0.11274083329267598-0.1354631265129554j),(0.29193988378621-0.3625747383224058j),(2.4261220786623454+0.9585584013045214j),(0.14254321171727696-0.09326719415422924j),(0.021022266070485334-0.020699850241469208j),(0.001604862607486521-0.009662788578753119j),(-0.0018313135496963737-0.0028577740683628523j),(-0.000978843928761317-0.0033176790325391867j),(-0.00145484828931477-0.0026233801062923168j),(-0.000153757534003718-0.0047780881852287965j),(0.0063463056094141155-0.00925817205212914j),(0.006580396076072923-0.009354125991355159j),(0.006895371054747173-0.009554259890909004j),(0.051578683034363484-0.04073565868347073j),(-0.0033615919416393955-0.015295696982000603j),(0.018262812852869587-0.046837449634849725j),(0.28777412992595475-0.1414337569143515j),(0.6679599752406216-0.27755810447742346j),(-0.0008436662323677765-0.0009088116464586257j),(-0.0009159161114800894-0.0007367386287251258j),(-0.0036865642732403807-0.007599597797927327j),(-0.0007050391343290032+4.797035292178955e-05j),(-0.0005524435212744109+0.00038894648574916153j),(-0.017443640004975024-0.013244117588900017j),(0.02720162073246356-0.1126775941250529j),(0.00011336755992699053-0.00043182188219615764j),(0.007830329504465407-0.044844168964708435j),(-2.3774485183806275e-05-2.3859964800103222e-05j),(2.4371143132557496e-08-5.694697483103792e-07j),(0.27746738867316834-0.37877042635435326j),(0.00044365099445627413-0.009245620136926657j),(-0.0006003321002161226-0.004530239984712026j),(-0.0008845183516971074-0.000829174299801351j),(-0.0009362903097808206-0.000674423828277029j),(-0.0006889289895887891+9.794394059028304e-05j),(-0.0005035519868320099+0.00044096751025363753j),(-0.0017903166415475387-0.0021465126799826654j),(-2.906499317812972e-08-9.610129431129261e-09j),(-1.465490115122866e-05-8.347043229253314e-06j)
Bus 04,(-0.0030480581796128465-0.011233322117526283j),(-0.008344239387308303-0.02923011194279695j),(0.14254321171727696-0.09326719415422921j),(1.4113152490884977+0.8639642419773194j),(0.26926214280583954+0.09889182466940326j),(0.09164630759426176-0.025695301784350574j),(0.0177600505466007-0.027800272558255575j),(0.025376754496252246-0.02190141850106795j),(0.010330477154958589-0.008887424073263026j),(0.041488619489677706-0.019771454469996126j),(0.10600617759502798+0.020173965692701523j),(0.10774742270936133+0.021898685562436758j),(0.11071796701238013+0.023934201581917662j),(0.5571485016328427+0.3004220881291801j),(0.05283680983132041-0.01809528237631151j),(0.0024858942379355495-0.010281771371774549j),(0.004726571074355588-0.02428968166705074j),(0.009971291593146286-0.04755698125755446j),(-0.0002015701432255984-0.00016568410220286993j),(-0.0002117778631230979-0.00012776505320684185j),(-0.000983223297019447-0.0014805527080345754j),(-0.00014565604667689036+2.9904629993439215e-05j),(-0.00010421257306861787+9.669521782641055e-05j),(-0.004011095328969751-0.002269170305974206j),(-0.004986157767464068-0.0056952722433656865j),(-2.000081192638861e-05-2.4489100100578497e-05j),(-0.0023914258881229944-0.0025729298699850188j),(-2.3570933249736006e-06+3.6685926704035453e-07j),(-3.1591682882008824e-08-2.5130204757894594e-08j),(-0.009753303563868335-0.02906815299934056j),(0.08319011272704216-0.0341949658356506j),(0.03758445048995118-0.02274915971224815j),(-0.00020784032240905626-0.00014792544842469368j),(-0.00021426710805722254-0.00011419644414596874j),(-0.00014088618699539587+3.987003306209634e-05j),(-9.254955520496849e-05+0.00010616217119701582j),(-0.00028846678581841677-0.0001747090494329754j),(-1.7616589545994493e-09+1.2637039487445149e-09j),(-1.0887423448521119e-06+4.912358921848576e-07j)
Bus 05,(-0.00039018741896431605-0.002916873433967198j),(-0.002472301690087324-0.004733111884846216j),(0.021022266070485334-0.020699850241469215j),(0.2692621428058396+0.09889182466940327j),(0.6688827727047021+2.5315287808739493j),(0.60989090825554+0.4999060810211283j),(0.2838762677249543-0.013070609897140553j),(0.2934582329945471+0.07831316025108805j),(0.11984828898964353+0.03278787728816702j),(0.07131879398619104-0.013771390518361407j),(0.15974383289340413+0.07967473694109416j),(0.15613292825678365+0.07628431916858126j),(0.15427915404771494+0.07385747820633683j),(0.1655711020165209+0.0650668372279047j),(0.014204310777769933-0.006811073990225513j),(0.000537489177363922-0.0026523730249621695j),(0.00012840598526215339-0.004679134977262313j),(2.7297417202187314e-05-0.008575877366099991j),(-5.311413094960025e-05-4.0436777545180874e-05j),(-5.5362215321829434e-05-3.0644941093486214e-05j),(-0.00026549396441870294-0.00036914456588382983j),(-3.695358895309259e-05+9.034668803681948e-06j),(-2.5721037881859264e-05+2.5715261265781904e-05j),(-0.0010471288583729923-0.0005418866691781243j),(-0.0010598783010205355-0.0008030372161989707j),(-4.405377260522408e-06-3.7268828461407723e-06j),(-0.0005260302010462109-0.0004059087037567808j),(-4.1068443057255944e-07+1.4443588259852042e-07j),(-6.5064423926976984e-09-3.4553404535430668e-09j),(-0.0027089875115102417-0.004655273031673178j),(0.6273954138178599+0.4021237726361419j),(0.06652871369036231-0.01987685674913065j),(-5.454781045166518e-05-3.5836753415807275e-05j),(-5.586921339473716e-05-2.715221472008261e-05j),(-3.5639070708219474e-05+1.1536957560905835e-05j),(-2.2648950950804766e-05+2.8024372562567966e-05j),(0.0008307007078999214-0.001753934480088331j),(-2.7393801048887787e-10+2.8549298310565964e-10j),(-1.7896336379338813e-07+1.2445074727569622e-07j)
Bus 06,(-0.0007512936448765028-0.0008594343519349151j),(-0.001598889560788774-0.0007868611674515434j),(0.0016048626074865195-0.00966278857875312j),(0.09164630759426173-0.025695301784350543j),(0.6098909082555402+0.49990608102112827j),(0.8295718496798481+0.7349452824929651j),(0.26003906872565796-0.010420539692355719j),(0.1282838079513375-0.06067125447525783j),(0.052635077919807004-0.024493527722747665j),(0.09320419012986025-0.013093662137551273j),(0.20235133011139925+0.11434745307683018j),(0.19698996458782414+0.10906651209802763j),(0.19383857276343516+0.10514897800668084j),(0.11938690971512059+0.03703419376458105j),(0.00965079313810108-0.005489176725683887j),(0.00035020230633203795-0.0016549965001347506j),(-0.0006114179592938929-0.0016985348171865385j),(-0.0016799736818067965-0.002502747607095271j),(-3.298220517185485e-05-2.556044625241668e-05j),(-3.443995949195952e-05-1.9452067927310714e-05j),(-0.00016396663240371954-0.0002321616405675598j),(-2.314658260972964e-05+5.44876255376895e-06j),(-1.62151686533147e-05+1.5935382342507863e-05j),(-0.0006516049349852879-0.0003443319899281664j),(-0.0004437254137893483-7.233972522981088e-06j),(-2.016975582527699e-06-4.405401823660783e-07j),(-0.00024591575335181136-7.184364797123112e-05j),(-1.0565560848565482e-07+1.1444348566566918e-07j),(-2.6357853918634766e-09-2.820026202268288e-12j),(-0.0016472666763455409-0.0007192354609025632j),(0.8594269508219188+0.5985645918939985j),(0.08741021039640548-0.021312063868756937j),(-3.3903034345451136e-05-2.269287008197886e-05j),(-3.4775615229504316e-05-1.7271639570780418e-05j),(-2.23383701950233e-05+7.019891875122909e-06j),(-1.4307339663828812e-05+1.7395201746701863e-05j),(-0.00023154156631993315-0.0008801839417973939j),(-3.87980549601329e-11+1.3613986835551133e-10j),(-3.5740223356780133e-08+6.931828373523453e-08j)
Bus 07,(0.00010602746986874078-0.0024417609999584904j),(-0.0007315611998943355+8.883587917044711e-05j),(-0.0018313135496963741-0.0028577740683628527j),(0.017760050546600698-0.027800272558255564j),(0.28387626772495433-0.013070609897140567j),(0.260039068725658-0.010420539692355707j),(1.5930788254588986+1.6872678692720886j),(0.620263889972362-0.012965901652195133j),(0.25380501375806463-0.0037344223088031925j),(0.013600324939858507-0.01762719888776184j),(0.053111745862670784-0.014089025781437104j),(0.05135633059883985-0.01412596189905793j),(0.05020018827375874-0.01429772233983379j),(0.02853695530614142-0.016489792461902443j),(0.0006625904697970134-0.0028481811440647623j),(-0.00027345747193562725-0.00035943927981286274j),(-0.0005331472422528225-0.00023080779940471522j),(-0.000992418743938959-0.00023763504713996932j),(-1.0919196217282007e-05+2.2089048229287073e-06j),(-9.938713268798553e-06+3.568942458668869e-06j),(-7.552621168972628e-05-7.347845499131248e-06j),(-2.9356293448486127e-06+5.629117293569683e-06j),(3.9302683239445585e-07+6.05700524182849e-06j),(-0.0001832497255069236+7.165832208293318e-05j),(-0.00015529719986851092+9.776803348922057e-05j),(-6.627561101743085e-07+3.603562877658835e-07j),(-7.104820743263944e-05+4.187056904102069e-05j),(-1.8460682785022433e-09+5.6884699299328403e-08j),(-7.29156356750715e-10+6.292468460866841e-10j),(-0.0007330321175281187+0.0001231893304234134j),(0.24291705544078834-0.03837673319197968j),(0.011261262849178725-0.018059241584505774j),(-1.0500154837587875e-05+2.895176892807403e-06j),(-9.55650926003525e-06+4.01708264637672e-06j),(-2.47708381783728e-06+5.7397701964097975e-06j),(1.0208581417185812e-06+5.9259707474684765e-06j),(0.0006889647803450039-0.003943256701278626j),(2.1818162737870724e-11+4.690035718673749e-11j),(6.691067691432057e-09+2.7701201049775893e-08j)
Bus 08,(0.0036053619122451163-0.00450675539300369j),(-0.0008159716382085794-0.0003387703585151396j),(-0.0009788439287613181-0.003317679032539186j),(0.025376754496252242-0.02190141850106795j),(0.2934582329945471+0.07831316025108803j),(0.12828380795133754-0.06067125447525786j),(0.620263889972362-0.012965901652195133j),(1.237458022176446+0.7670450939543674j),(0.5043483787666874+0.31695637128818016j),(0.0033398629128939864-0.01222496353653287j),(0.02482216131267175-0.01891178376457167j),(0.023972062972290372-0.018561889112972497j),(0.023408194510849134-0.018412795073835704j),(0.019230722118633546-0.016310581269743846j),(0.00010369790224283603-0.0022329961416894615j),(-0.00028182505637898674-0.00024862014011702536j),(-0.0004962059068360105-0.0002900641167868531j),(-0.0008957052550487066-0.0004779087017665267j),(-8.54862077482727e-06+3.5855766547851265e-06j),(-7.526497029749278e-06+4.535154176861364e-06j),(-6.282455304071607e-05+6.339076355768525e-06j),(-1.4759748320266704e-06+5.072426949622334e-06j),(1.3098752564756964e-06+4.877941720266783e-06j),(-0.0001378172687966253+8.839574907221198e-05j),(-0.0002197439210502117+1.0446999220878716e-05j),(-8.016602701190048e-07+1.30370735435974e-07j),(-7.478828450412108e-05+3.267857216711475e-05j),(-2.2114703500505586e-08+5.714576394720067e-08j),(-9.64799746366983e-10+3.799756625077125e-10j),(-0.0008377694734155431-0.0003037812027863608j),(0.11373041507468368-0.07105110683428308j),(0.002015046790920064-0.011945618143414872j),(-8.094632378437136e-06+4.077095603329518e-06j),(-7.141455712128882e-06+4.838388801930687e-06j),(-1.083759944743355e-06+5.087825969843657e-06j),(1.8007456913156922e-06+4.668492657341266e-06j),(0.006398126934749713-0.006885124796666704j),(5.48366656633066e-12+5.541974830911553e-11j),(-3.056700186848873e-09+3.052877439776867e-08j)
Bus 09,(0.17622277488944504+0.013387663117785971j),(0.003932757961225073-0.010509598987138503j),(-0.001454848289314768-0.0026233801062923163j),(0.010330477154958596-0.008887424073263027j),(0.11984828898964354+0.03278787728816704j),(0.05263507791980702-0.02449352772274766j),(0.2538050137580647-0.0037344223088031613j),(0.5043483787666876+0.31695637128818027j),(1.2418207846220268+17.77516471019018j),(0.0013960145848985566-0.004990516874170305j),(0.010197128022047117-0.007671478555344872j),(0.009848278598849042-0.007530490497446176j),(0.009616967340214834-0.007470899747024584j),(0.007868236562236324-0.006617445244690435j),(4.533995954544261e-05-0.0009038005325447448j),(-0.00013896933895269915-8.183250822552719e-05j),(-0.0004052893945688821-0.00012783021071460606j),(-0.0008208069511328324-0.0002441171158439891j),(-3.310307526999258e-06+2.2061177483227894e-06j),(-2.802398581642987e-06+2.523082883681747e-06j),(-2.595546571918604e-05+7.781061234740364e-06j),(-2.0931403734418206e-07+2.257318036086384e-06j),(9.486826557502973e-07+1.9487731370394507e-06j),(-5.0879173026875046e-05+4.84554259823886e-05j),(-0.00023110889667726293-0.0027844246235173473j),(-4.097776225362853e-07-5.633676219825441e-06j),(-4.932820372519649e-05+3.520431934112922e-05j),(-3.822633696681176e-07-1.8836655150994906e-07j),(-2.038498766766725e-09-6.917424568118769e-09j),(0.00347882995304809-0.010770530891535422j),(0.046707782135989785-0.028776974600841325j),(0.0008536020371460839-0.004879580034386142j),(-3.0790401036985713e-06+2.3762918768211986e-06j),(-2.615496848367797e-06+2.619531643132173e-06j),(-4.280202979916398e-08+2.231903975716553e-06j),(1.138474155644993e-06+1.8205949378286218e-06j),(0.2793015793931848+0.03303910701154326j),(-3.8729105745371146e-10+3.881388118908797e-12j),(-2.0960473438606707e-07-3.9963030636581194e-08j)
Bus 10,(-0.00035696225047775524-0.00011193529174602131j),(-0.0008245804184956022-0.00022459921405022112j),(-0.00015375753400371652-0.004778088185228793j),(0.04148861948967769-0.019771454469996112j),(0.07131879398619104-0.0137713905183614j),(0.09320419012986028-0.013093662137551256j),(0.0136003249398585-0.01762719888776184j),(0.0033398629128939864-0.012224963536532869j),(0.0013960145848985566-0.004990516874170305j),(1.0659943499183842+0.7813051452806499j),(0.678283652826103+0.4836731391173093j),(0.6763400909153771+0.4825660990061622j),(0.6819254678250476+0.487385401542173j),(0.32175388883812883+0.21106514887297187j),(0.033319642783411575-0.00806067730845001j),(0.0028689293051761726-0.004343913206476438j),(0.0005891056529320681-0.002493961980179151j),(-0.00112088056386296-0.0018314499417292174j),(-6.561687010456556e-05-0.00011037896197749619j),(-7.667874809930254e-05-9.453242310453061e-05j),(-0.0002077039390620694-0.0008496454794100548j),(-7.242039428425477e-05-1.0498613406268271e-05j),(-6.439823486331211e-05+2.734395851541819e-05j),(-0.0014774900382549198-0.0017206902568232842j),(-0.0002096852252799271+3.705601473616786e-05j),(-1.4524360179897012e-06-1.247850859269167e-06j),(-0.0002366301566423263-0.00027601612737779784j),(-1.3664482551092733e-07+4.689047102945828e-08j),(-2.150330287103039e-09-1.163056259682766e-09j),(-0.0008411876964213015-0.00018834593252690894j),(0.08603808108115925-0.02253885532716511j),(1.0882096735967877+0.6418612423016613j),(-7.14870053924908e-05-0.00010320647362993992j),(-8.00985058910378e-05-8.866762156761668e-05j),(-7.187782921023695e-05-5.088604292360902e-06j),(-6.0581589390907344e-05+3.3675184737593616e-05j),(-7.564803644356171e-05-3.1821680606498534e-05j),(-9.162420924224758e-11+9.404397829891396e-11j),(-5.970105385897135e-08+4.084462769117397e-08j)
Bus 11,(-0.0005209292741455923-0.0007140985379894146j),(-0.0012492823793463753-0.0015706816389459627j),(0.0063463056094141155-0.009258172052129143j),(0.10600617759502802+0.02017396569270154j),(0.15974383289340416+0.07967473694109418j),(0.20235133011139927+0.1143474530768302j),(0.05311174586267079-0.014089025781437108j),(0.02482216131267175-0.018911783764571675j),(0.010197128022047117-0.007671478555344875j),(0.6782836528261031+0.48367313911730936j),(0.6052130580829482+1.9683563697432347j),(0.6006159595791369+1.9003550052419629j),(0.6019052746532645+1.8545710563747957j),(0.31049616386008744+0.839608949046784j),(0.07349464160839866+0.030956844151072884j),(0.01136966032034596-0.004165749340521076j),(0.004541901890658875-0.0038647795612367893j),(0.00041932502527911367-0.005003095656936105j),(2.9689681179659967e-05-0.00029720442086899143j),(-1.2902135074778839e-05-0.00028283124617611784j),(0.0007850487726214953-0.0018769211934237867j),(-0.00012102117170933031-0.00011969131618749187j),(-0.00015828621216687608-3.7792197490787206e-05j),(-0.00038787539877513605-0.005261094312814538j),(-0.0004484927201426261-0.00022110950739587037j),(-1.0123715474849366e-06-4.345514045345402e-06j),(-6.332293958882562e-05-0.0008437127296115774j),(-3.214343158054846e-07-9.998329756903301e-08j),(-2.441073370936374e-09-5.146966843365574e-09j),(-0.0013310861664849582-0.0015251082724864408j),(0.20249418049974355+0.08506976411516363j),(0.69113944910062+0.39560338122410477j),(8.796177153792145e-06-0.00029189139336679347j),(-2.740361300003468e-05-0.00027658031012784475j),(-0.00012747945918980896-0.00010881773504979458j),(-0.00015989013558405057-2.0671734119636967e-05j),(-9.970541785184809e-05-0.00017545082544591004j),(-3.01721632247105e-10+5.0643716373622295e-11j),(-1.68465415226645e-07-5.4130549496413944e-09j)
Bus 12,(-0.00052126068857644-0.0007275205976767673j),(-0.0012529825571111913-0.0016156358578847745j),(0.006580396076072924-0.00935412599135516j),(0.10774742270936134+0.021898685562436772j),(0.15613292825678365+0.07628431916858128j),(0.19698996458782417+0.10906651209802766j),(0.051356330598839865-0.014125961899057942j),(0.023972062972290376-0.018561889112972508j),(0.009848278598849042-0.00753049049744618j),(0.676340090915377+0.48256609900616226j),(0.6006159595791369+1.9003550052419627j),(0.6008977303088383+1.960318277927043j),(0.6022361074841525+1.912690203594472j),(0.31134359950889534+0.8663442963231232j),(0.07528468120829145+0.03253004892638125j),(0.011733354902776594-0.0041754626113464244j),(0.004714117757473688-0.003919445227026462j),(0.0004924593634788369-0.005113286168344325j),(3.338236513422822e-05-0.0003053838407715886j),(-1.0560081737291872e-05-0.0002910093676219854j),(0.0008253861732280901-0.0019228518497800978j),(-0.00012332100952249704-0.00012425927320952658j),(-0.00016243187253581673-4.0384809913344986e-05j),(-0.0003485208582068781-0.005414636526022947j),(-0.0004541085690158451-0.0002308471032859115j),(-9.809117102700016e-07-4.47479832232809e-06j),(-5.519102991164829e-05-0.0008680241262326724j),(-3.286469407046447e-07-1.0696530142429183e-07j),(-2.4368728127811152e-09-5.316789130123171e-09j),(-0.0013368839853643343-0.0015702338453317927j),(0.1968814590549301+0.08070285674833165j),(0.6891855533194239+0.39473508394523166j),(1.1842953973051644e-05-0.00030011966465328017j),(-2.553441851869396e-05-0.0002847193383310245j),(-0.00013006738466177188-0.00011313790167240266j),(-0.0001642454843640423-2.279215215748957e-05j),(-9.881263269403043e-05-0.0001696601668138356j),(-3.104341189411001e-10+4.793633798438851e-11j),(-1.7287717521556657e-07-7.821528978884432e-09j)
Bus 13,(-0.0005272015327401622-0.000749606504109787j),(-0.0012702387566734467-0.0016798820737240119j),(0.006895371054747172-0.009554259890908998j),(0.11071796701238008+0.02393420158191767j),(0.15427915404771497+0.07385747820633684j),(0.19383857276343525+0.10514897800668088j),(0.05020018827375873-0.014297722339833792j),(0.02340819451084914-0.018412795073835704j),(0.009616967340214834-0.007470899747024585j),(0.681925467825047+0.48738540154217286j),(0.601905274653264+1.8545710563747952j),(0.6022361074841522+1.9126902035944715j),(0.6084653160127593+1.9931697418435879j),(0.31530690954773416+0.9032286304759086j),(0.07792429010063717+0.03451888221402381j),(0.012234480137339732-0.004226900888652432j),(0.004942767134698862-0.004016699947602616j),(0.000574044404955366-0.0052821116168968755j),(3.76254984797023e-05-0.00031706299278649506j),(-8.181582765007419e-06-0.000302545506500298j),(0.0008762762045388831-0.0019904843905718212j),(-0.00012697393841206578-0.00013032562897378905j),(-0.00016842672658677531-4.3530876907304445e-05j),(-0.0003102395705931227-0.005630741947063313j),(-0.00046483010978912355-0.00024349063791884848j),(-9.583205207641634e-07-4.656162896558834e-06j),(-4.7223334106682755e-05-0.0009023647042356421j),(-3.395873025191917e-07-1.1535803065620801e-07j),(-2.4578554211366064e-09-5.5491819808654305e-09j),(-0.0013572289929166456-0.001634173986784719j),(0.19349287009143185+0.07737256237037511j),(0.6949562842627797+0.39878833884653286j),(1.5189197277102772e-05-0.0003117987288107969j),(-2.3804692275309158e-05-0.00029615206090351936j),(-0.0001340921577827553-0.00011883201947181173j),(-0.000170480476023863-2.526435150909339e-05j),(-9.896595023350183e-05-0.00016587758792723872j),(-3.2274869122589677e-10+4.561251691057747e-11j),(-1.792761436666344e-07-1.041401953405271e-08j)
Bus 14,(-0.0015790597615792886-0.004257842825075523j),(-0.0042137330681925825-0.010946585650834834j),(0.05157868303436348-0.04073565868347072j),(0.5571485016328426+0.30042208812918003j),(0.16557110201652095+0.06506683722790471j),(0.11938690971512059+0.03703419376458108j),(0.028536955306141417-0.01648979246190245j),(0.01923072211863355-0.016310581269743843j),(0.007868236562236324-0.006617445244690437j),(0.32175388883812894+0.21106514887297195j),(0.31049616386008755+0.8396089490467838j),(0.31134359950889545+0.8663442963231227j),(0.3153069095477343+0.9032286304759085j),(0.8414882101304471+5.914183628344032j),(0.4357676023563512+0.30551655528542937j),(0.08023656749162413-0.011084577943787963j),(0.03580926374974954-0.017657569508852267j),(0.011284242144766535-0.029356874533613086j),(0.0006161319513039972-0.0019005940617714014j),(0.00031730794186377357-0.001867124232649503j),(0.00779708057533569-0.011154156015617204j),(-0.0006211146315033068-0.0009542553884337293j),(-0.0009810117539170125-0.000471819673078468j),(0.004935783131625043-0.03494136740244605j),(-0.002113563931486-0.0020187651076780597j),(1.424897634428067e-06-2.9509119616851863e-05j),(0.0009696290463499755-0.005580943475294052j),(-1.8659759518546166e-06-1.2190712055090811e-06j),(-6.222104607951159e-09-3.720154161284569e-08j),(-0.004749699452146471-0.010835806535191478j),(0.1161247500418024+0.021629981655460342j),(0.3261062300043333+0.17018477834444004j),(0.00047201099458707874-0.0018955347212423952j),(0.00021363825614084138-0.0018468567415318487j),(-0.0006787724316045681-0.0008923486774844165j),(-0.0010158088492595357-0.00036218490679658323j),(-0.0001486473753976756-0.00013079621232343897j),(-2.0133089842737895e-09-2.2406732035558828e-10j),(-1.0630927321547382e-06-3.396664414405565e-07j)
Bus 15,(-0.00106233318901389-0.00010932782905224145j),(-0.0027867766805465084-0.00023822933479712184j),(-0.0033615919416393946-0.015295696982000603j),(0.0528368098313204-0.018095282376311497j),(0.014204310777769933-0.006811073990225509j),(0.00965079313810108-0.005489176725683885j),(0.0006625904697970127-0.0028481811440647614j),(0.00010369790224283625-0.002232996141689461j),(4.533995954544254e-05-0.0009038005325447446j),(0.033319642783411575-0.00806067730845001j),(0.07349464160839862+0.03095684415107287j),(0.07528468120829139+0.03253004892638124j),(0.07792429010063716+0.0345188822140238j),(0.4357676023563511+0.3055165552854293j),(1.8552027216214086+1.422329220007044j),(0.35693462143117355-0.02898265941761788j),(0.15472085644886277-0.036429567189897115j),(0.03744819432556588-0.05024514455290574j),(0.0031922054336084318-0.008236403115839156j),(0.0018648205778638068-0.008162948398523212j),(0.03719066137110823-0.04729815742968246j),(-0.002504487832477663-0.004366667637172203j),(-0.0042130730426025945-0.002326577384914601j),(0.030473838239028557-0.15301061119816026j),(-0.0006576070334389063+0.0002351531349348409j),(4.275561455425861e-05-9.197893358002293e-05j),(0.008762840377051656-0.020780220890926505j),(-4.3537549295095835e-06-6.293178695844945e-06j),(2.8406360849072495e-08-1.2634277932384235e-07j),(-0.002818926027709584-0.00011174782427961953j),(0.008454232726449068-0.00621323134470731j),(0.030927151583400272-0.010833699423133622j),(0.0025547712009623452-0.008249898546535855j),(0.001402164989252607-0.008099256110962152j),(-0.002774389929788149-0.004107733654394526j),(-0.004393928908330322-0.001851279819059914j),(-1.8799660624714723e-05+1.2587658427652207e-05j),(-6.111097457687211e-09-3.320398881690243e-09j),(-2.9401270558976686e-06-2.457069577222921e-06j)
Bus 16,(-0.00262316785689173-0.0021637792792832265j),(-0.0070170464084767774-0.00560390125093748j),(0.018262812852869594-0.046837449634849745j),(0.0024858942379355478-0.010281771371774544j),(0.0005374891773639219-0.002652373024962169j),(0.00035020230633203773-0.0016549965001347508j),(-0.0002734574719356273-0.0003594392798128627j),(-0.00028182505637898674-0.00024862014011702536j),(-0.00013896933895269907-8.183250822552712e-05j),(0.0028689293051761726-0.004343913206476437j),(0.011369660320345953-0.004165749340521073j),(0.011733354902776588-0.004175462611346421j),(0.012234480137339729-0.004226900888652431j),(0.08023656749162411-0.011084577943787935j),(0.35693462143117355-0.028982659417617823j),(1.3087992340831116+1.1210527656539893j),(0.6483171029874732+0.4082975245780437j),(0.2971563867596744-0.034749137808124025j),(0.03895517089542107-0.01701191911494469j),(0.03420521017435904-0.02129729068677296j),(0.28762430777725917-0.033269345043577925j),(0.006427797614167122-0.023355704660112518j),(-0.006332219791359014-0.022277537615742235j),(0.625971437128118-0.41451589241777786j),(-0.0021665443904489374-0.0005573802106631297j),(0.00046222504536606857-0.00016218324500622794j),(0.10101350545393024-0.04016567699660602j),(7.088428665734784e-06-3.627061878279486e-05j),(5.326998042502624e-07-3.276452208388909e-07j),(-0.007328364423103023-0.005323458992567112j),(0.0001466874941590346-0.0015918297824405528j),(0.002316067605572902-0.0044045161984844474j),(0.03684075085470311-0.01923513223872068j),(0.03241951227564021-0.022661840816568045j),(0.004628474115970149-0.023400057528923907j),(-0.008568826648045086-0.021284366077790755j),(-4.3238941898005577e-05+3.575117056865411e-05j),(-9.116457285130802e-09-3.2327354921909e-08j),(-1.4132507660404958e-06-1.845065394823898e-05j)
Bus 17,(-0.002994199810007564-0.021478385529531283j),(-0.008825775071895487-0.056595573054402715j),(0.28777412992595486-0.1414337569143515j),(0.0047265710743555865-0.024289681667050735j),(0.00012840598526215534-0.004679134977262314j),(-0.0006114179592938922-0.001698534817186538j),(-0.0005331472422528223-0.00023080779940471525j),(-0.0004962059068360103-0.0002900641167868532j),(-0.000405289394568882-0.00012783021071460603j),(0.0005891056529320679-0.0024939619801791517j),(0.004541901890658872-0.0038647795612367876j),(0.0047141177574736865-0.003919445227026461j),(0.00494276713469886-0.0040166999476026165j),(0.03580926374974955-0.017657569508852264j),(0.1547208564488628-0.036429567189897115j),(0.6483171029874732+0.4082975245780437j),(1.3661333403383882+4.744224257492949j),(1.578559503091156+1.1087255392477748j),(0.016032314129166374-0.010006797088518846j),(0.01366536216415907-0.011583967052122663j),(0.12435697706753944-0.03326982814400436j),(0.0013139928148569794-0.01068957242939412j),(-0.004228689762791854-0.009388570562211703j),(0.24847791581267-0.22288522288804943j),(-0.007781436288626949-0.011965401728582292j),(0.0029188233315716244+0.001202840237204455j),(0.6580184205508067+0.24014751721624134j),(0.0001896866879153913-0.00014403650174934433j),(3.967577045096597e-06+7.093703967662968e-07j),(-0.011498298040819433-0.05661945010016167j),(-0.0007606414151027847-0.0015269441952149056j),(0.00032333847530989686-0.0024282075048527667j),(0.014958228918187226-0.010847684930822872j),(0.012791502377026108-0.012068467860992763j),(0.0005196799506784961-0.01059249674641137j),(-0.005148118496045007-0.008806802819977566j),(-0.0003444246415625338-1.4210066642201009e-05j),(9.483288125746354e-08-1.9458741131285456e-07j),(7.235303976958627e-05-9.480157723372066e-05j)
Bus 18,(-0.00371348637873202-0.04873696008964912j),(-0.011893570010169198-0.1285521749878494j),(0.6679599752406218-0.27755810447742363j),(0.009971291593146275-0.047556981257554455j),(2.729741720219024e-05-0.008575877366099995j),(-0.0016799736818067965-0.0025027476070952704j),(-0.0009924187439389587-0.00023763504713996927j),(-0.0008957052550487066-0.000477908701766527j),(-0.0008208069511328325-0.0002441171158439891j),(-0.0011208805638629603-0.0018314499417292178j),(0.0004193250252791138-0.005003095656936105j),(0.0004924593634788367-0.005113286168344325j),(0.0005740444049553662-0.005282111616896877j),(0.01128424214476654-0.029356874533613096j),(0.037448194325565884-0.05024514455290575j),(0.2971563867596744-0.03474913780812397j),(1.5785595030911561+1.1087255392477748j),(3.399008163273483+2.7160506451012685j),(0.002421782770993316-0.006971126704131817j),(0.0013156892574648-0.006870560707103608j),(0.029653243716956944-0.040589682945261926j),(-0.0022201325599925294-0.003571801819474165j),(-0.003586366301930429-0.001817977488254669j),(0.02092039542263411-0.12865294793904933j),(-0.016309661354519767-0.02778604518507934j),(0.001162969733460479-0.0004045120965324876j),(0.2590770802290423-0.08821901805836814j),(1.8065360277268248e-05-9.112247090297732e-05j),(1.3412470141463013e-06-8.19940850195619e-07j),(-0.01790201133203269-0.12898176262973077j),(-0.0018519870632725892-0.0021642397234052477j),(-0.0012402159753995478-0.0016355285670936555j),(0.001889175034232133-0.006963552073456712j),(0.0009312899529882119-0.00680370661874211j),(-0.0024378261848906255-0.003347633563122292j),(-0.0037233175210758594-0.0014157943613007356j),(-0.0007710068969731862-8.12419750147841e-05j),(-2.2694636752698586e-08-8.132122717556075e-08j),(-3.4263940188605864e-06-4.638774767759603e-05j)
Bus 19,(-7.62311294486404e-05+3.4989206217959504e-05j),(-0.0001998291083001188+9.557727898667301e-05j),(-0.0008436662323677771-0.0009088116464586255j),(-0.00020157014322559844-0.00016568410220286987j),(-5.311413094960025e-05-4.043677754518086e-05j),(-3.2982205171854844e-05-2.556044625241667e-05j),(-1.0919196217282002e-05+2.208904822928711e-06j),(-8.54862077482727e-06+3.5855766547851308e-06j),(-3.3103075269992578e-06+2.2061177483227894e-06j),(-6.561687010456552e-05-0.00011037896197749616j),(2.968968117965996e-05-0.0002972044208689913j),(3.3382365134228205e-05-0.00030538384077158847j),(3.762549847970228e-05-0.0003170629927864949j),(0.0006161319513039972-0.001900594061771401j),(0.0031922054336084313-0.008236403115839156j),(0.038955170895421075-0.017011919114944707j),(0.01603231412916637-0.010006797088518853j),(0.0024217827709933134-0.00697112670413182j),(0.5357478096193434+0.206224614724164j),(0.5307756160633527+0.1199710126982198j),(0.002352204399848776-0.006743585646401349j),(-0.00044948749535900863-0.00039370090255209304j),(-0.0005626712529792432-9.88065291969528e-05j),(-0.0024765810477071983-0.01835280326139617j),(-3.56575877714562e-05+4.211362027232606e-05j),(1.3662543422328037e-06-1.2005549751269043e-05j),(0.00019372382551640006-0.002674412495857491j),(-7.29135484887664e-07-5.471554060863132e-07j),(-1.550127172590201e-09-1.5348379397107778e-08j),(-0.00019694799944218382+0.0001055031083983361j),(-3.3766744101798334e-05-2.0363043040301884e-05j),(-7.290360555946729e-05-9.875513676191967e-05j),(0.536529536883984+0.16479678110026477j),(0.526567174432474+0.08991330158976572j),(-0.00046980819823977626-0.0003542275050684778j),(-0.0005646551544611114-3.8474739481631756e-05j),(3.2912053400594236e-07+1.3442159887490693e-06j),(-8.157254159056851e-10-1.4498630742859513e-10j),(-4.248433374946855e-07-1.6689685156321752e-07j)
Bus 20,(-6.670305601708138e-05+4.326980586507771e-05j),(-0.00017432364346834915+0.00011704427667672461j),(-0.0009159161114800899-0.0007367386287251256j),(-0.000211777863123098-0.00012776505320684185j),(-5.536221532182943e-05-3.06449410934862e-05j),(-3.4439959491959504e-05-1.9452067927310708e-05j),(-9.938713268798546e-06+3.5689424586688696e-06j),(-7.526497029749275e-06+4.535154176861366e-06j),(-2.8023985816429864e-06+2.523082883681747e-06j),(-7.667874809930252e-05-9.45324231045306e-05j),(-1.2902135074778839e-05-0.0002828312461761176j),(-1.0560081737291879e-05-0.0002910093676219852j),(-8.181582765007456e-06-0.0003025455065002979j),(0.00031730794186377346-0.0018671242326495025j),(0.0018648205778638068-0.008162948398523212j),(0.03420521017435905-0.021297290686772972j),(0.013665362164159069-0.011583967052122666j),(0.0013156892574647978-0.006870560707103608j),(0.5307756160633527+0.11997101269821983j),(0.5397719121648503+0.1682278691416082j),(0.0012816266531789355-0.006647600570358076j),(-0.0004755730836945459-0.0003076399570708589j),(-0.0005413002834307597-1.5527630522674113e-05j),(-0.004839220058864622-0.016874305296923606j),(-2.7670604557280686e-05+4.438910466156008e-05j),(-3.6459887538290836e-07-1.144783567126674e-05j),(-0.00018498371359500104-0.0025350052340184174j),(-7.589066583356945e-07-4.132291967641537e-07j),(-3.5583270955894767e-09-1.4183354716520666e-08j),(-0.00017026041187741893+0.00012595910434968206j),(-3.446320193722831e-05-1.4469637615312284e-05j),(-8.191955532882501e-05-8.263087298096772e-05j),(0.5258287111454915+0.08100692294044487j),(0.5379037175554947+0.13674911302805975j),(-0.0004892205763986224-0.00026783005004737135j),(-0.0005348890498943638+4.133210361263679e-05j),(4.929998123405595e-07+1.2156714134187577e-06j),(-7.849820823387395e-10-2.4145639325259228e-11j),(-4.213614640416705e-07-9.828982614159678e-08j)
Bus 21,(-0.0005662317925042748+7.617002940066053e-05j),(-0.001491976647694022+0.00022480061076141458j),(-0.0036865642732403807-0.007599597797927325j),(-0.0009832232970194473-0.0014805527080345754j),(-0.000265493964418703-0.00036914456588382994j),(-0.00016396663240371952-0.00023216164056755976j),(-7.552621168972625e-05-7.347845499131241e-06j),(-6.282455304071607e-05+6.339076355768528e-06j),(-2.5955465719186033e-05+7.781061234740373e-06j),(-0.00020770393906206915-0.0008496454794100544j),(0.0007850487726214953-0.0018769211934237862j),(0.0008253861732280902-0.001922851849780098j),(0.0008762762045388833-0.001990484390571822j),(0.007797080575335691-0.011154156015617206j),(0.037190661371108234-0.047298157429682464j),(0.2876243077772592-0.03326934504357795j),(0.12435697706753943-0.033269828144004365j),(0.02965324371695694-0.040589682945261926j),(0.0023522043998487766-0.0067435856464013524j),(0.001281626653178935-0.006647600570358078j),(2.122754846123573+1.6790108539425985j),(0.207940922212215-0.09050756225170542j),(-0.0038417647964444756-0.02517267505020317j),(0.018745845321518663-0.1249497731560949j),(-0.0003161135753530335+0.00020334930415365514j),(3.2799464415283976e-05-7.54857550508798e-05j),(0.006585909430542978-0.01703579098335793j),(-3.660448813704503e-06-5.015729351042833e-06j),(2.045640327714668e-08-1.030670001852814e-07j),(-0.001492968175400395+0.0002951940747552608j),(-0.00017942371437845852-0.00019986693000001413j),(-0.00027831021383355236-0.0007884322615698348j),(0.0018367477823021685-0.00673690066326433j),(0.0009095314261550968-0.006583366427963424j),(0.19768384367920833-0.10387632321307501j),(-0.006418223508560146-0.024397068727412j),(-5.320091847792555e-07+9.41156367725054e-06j),(-5.0251063573995635e-09-2.568327556652669e-09j),(-2.4352369721103035e-06-1.9329240375791173e-06j)
Bus 22,(-1.1825983870322984e-05+4.631355886861592e-05j),(-2.9291002312240136e-05+0.00012278741871008154j),(-0.0007050391343290029+4.797035292178979e-05j),(-0.00014565604667689036+2.9904629993439252e-05j),(-3.695358895309259e-05+9.034668803681953e-06j),(-2.314658260972964e-05+5.448762553768952e-06j),(-2.935629344848611e-06+5.629117293569685e-06j),(-1.4759748320266692e-06+5.072426949622331e-06j),(-2.093140373441816e-07+2.257318036086383e-06j),(-7.242039428425476e-05-1.0498613406268273e-05j),(-0.00012102117170933033-0.00011969131618749179j),(-0.00012332100952249702-0.00012425927320952655j),(-0.00012697393841206575-0.00013032562897378902j),(-0.0006211146315033067-0.000954255388433729j),(-0.0025044878324776616-0.004366667637172202j),(0.006427797614167124-0.023355704660112515j),(0.0013139928148569772-0.01068957242939412j),(-0.00222013255999253-0.0035718018194741646j),(-0.0004494874953590084-0.00039370090255209304j),(-0.0004755730836945458-0.00030763995707085883j),(0.20794092221221497-0.09050756225170538j),(1.2731909616954633+0.5704920411478224j),(0.10261191418086316-0.10008450667189867j),(-0.01391300576102343-0.014840366745296072j),(5.8745431614081534e-06+3.089302760659053e-05j),(-4.828797436219662e-06-4.9088781788826955e-06j),(-0.0011153427315213913-0.0010445149671625717j),(-5.037667379882311e-07+1.2687480802579628e-07j),(-7.355130513366869e-09-4.815197702976487e-09j),(-2.3860990426581747e-05+0.00012506916503490158j),(-2.1125323114924047e-05+7.659427186095999e-06j),(-6.988301233953205e-05-3.103749849131678e-06j),(-0.00046511372145989195-0.0003535028121172175j),(-0.00048224440792202174-0.00027676120493738064j),(1.291477816521458+0.46845599929365456j),(0.09061808104272603-0.10933368934835941j),(7.1347820016513e-07+3.3605653540104367e-07j),(-3.5664232230353895e-10+3.0939997539805635e-10j),(-2.2622980228503554e-07+1.2838175575241082e-07j)
Bus 23,(1.3308600620670075e-05+4.371915994283127e-05j),(3.696955674686129e-05+0.00011488608945857532j),(-0.0005524435212744109+0.00038894648574916153j),(-0.00010421257306861788+9.669521782641055e-05j),(-2.5721037881859274e-05+2.5715261265781904e-05j),(-1.621516865331471e-05+1.5935382342507863e-05j),(3.9302683239445574e-07+6.057005241828489e-06j),(1.3098752564756956e-06+4.877941720266786e-06j),(9.486826557502964e-07+1.948773137039451e-06j),(-6.439823486331212e-05+2.7343958515418152e-05j),(-0.0001582862121668761-3.779219749078726e-05j),(-0.00016243187253581673-4.0384809913345054e-05j),(-0.00016842672658677531-4.35308769073045e-05j),(-0.0009810117539170125-0.0004718196730784683j),(-0.0042130730426025945-0.0023265773849146017j),(-0.006332219791359011-0.02227753761574223j),(-0.004228689762791851-0.009388570562211707j),(-0.0035863663019304283-0.0018179774882546695j),(-0.0005626712529792432-9.880652919695284e-05j),(-0.0005413002834307597-1.5527630522674147e-05j),(-0.0038417647964444765-0.025172675050203156j),(0.10261191418086311-0.10008450667189862j),(1.1145990876299723+0.351763444220629j),(0.03816586640174937-0.0710988708940335j),(2.012605740335042e-05+2.2335248280013264e-05j),(-6.381735064209807e-06-1.616744633338985e-06j),(-0.0014297260271765604-0.00030042495862121646j),(-3.4879932983842434e-07+3.535937637995859e-07j),(-8.400075881312978e-09-2.8697302604808057e-10j),(4.253946679691509e-05+0.00011405740139450521j),(-1.34665459917494e-05+1.6739533414506857e-05j),(-5.8656119310541815e-05+3.212921059258134e-05j),(-0.0005555022705959275-5.820050099672455e-05j),(-0.000531435241767764+1.3019414917669404e-05j),(0.09355437538126593-0.10568703671725688j),(1.1348531327376914+0.22993542245861304j),(7.498401096562487e-07-7.926154085998814e-08j),(-1.3800935808785255e-10+4.2979235825668764e-10j),(-1.2121650515086578e-07+2.1715128962227082e-07j)
Bus 24,(-0.00121979034314142+0.0008407172384599548j),(-0.0031857673396938147+0.002270942971287285j),(-0.017443640004975024-0.01324411758890002j),(-0.004011095328969752-0.002269170305974206j),(-0.0010471288583729925-0.0005418866691781248j),(-0.0006516049349852887-0.0003443319899281669j),(-0.00018324972550692374+7.165832208293318e-05j),(-0.00013781726879662538+8.8395749072212e-05j),(-5.087917302687508e-05+4.845542598238861e-05j),(-0.00147749003825492-0.0017206902568232848j),(-0.00038787539877513486-0.0052610943128145364j),(-0.0003485208582068766-0.005414636526022946j),(-0.0003102395705931218-0.005630741947063314j),(0.004935783131625054-0.03494136740244604j),(0.03047383823902859-0.15301061119816026j),(0.625971437128118-0.41451589241777786j),(0.24847791581267-0.2228852228880494j),(0.02092039542263411-0.12865294793904936j),(-0.00247658104770719-0.01835280326139617j),(-0.004839220058864617-0.016874305296923603j),(0.01874584532151867-0.12494977315609494j),(-0.013913005761023436-0.014840366745296076j),(0.03816586640174939-0.07109887089403354j),(2.8873399162957143+0.37789373091727235j),(-0.0004922139454308749+0.0008411991435524708j),(-1.2763749897562717e-05-0.00021302951724674549j),(-0.004768036874476801-0.04711879972225341j),(-1.4350493774369257e-05-7.300567356799999e-06j),(-7.36752736550553e-08-2.623131235673826e-07j),(-0.003105436936275764+0.0024348645886425064j),(-0.0006494382214107899-0.0002515204405067934j),(-0.0015688921142045986-0.0014962855038446528j),(-0.00366053000591127-0.017732339840550084j),(-0.005624153716477356-0.01628904914756998j),(-0.01473335980617177-0.013570918635609878j),(0.030161135913639642-0.07403619626109474j),(9.816569153934808e-06+2.2385059102817597e-05j),(-1.4633150625445023e-08-4.015162259308331e-11j),(-7.899280767920217e-06-1.6108329367719839e-06j)
Bus 25,(0.2903116755261421-0.06733739408738325j),(0.7637538615947604-0.19029605537335298j),(0.02720162073246353-0.11267759412505296j),(-0.00498615776746407-0.005695272243365688j),(-0.0010598783010205362-0.0008030372161989704j),(-0.00044372541378934855-7.233972522980838e-06j),(-0.00015529719986851094+9.776803348922069e-05j),(-0.00021974392105021174+1.0446999220878716e-05j),(-0.0002311088966772644-0.002784424623517351j),(-0.00020968522527992724+3.705601473616802e-05j),(-0.0004484927201426264-0.00022110950739587023j),(-0.0004541085690158455-0.0002308471032859113j),(-0.000464830109789124-0.00024349063791884824j),(-0.002113563931486002-0.00201876510767806j),(-0.0006576070334389066+0.00023515313493484126j),(-0.002166544390448939-0.0005573802106631294j),(-0.007781436288626958-0.0119654017285823j),(-0.016309661354519785-0.027786045185079353j),(-3.5657587771456216e-05+4.211362027232607e-05j),(-2.76706045572807e-05+4.4389104661560104e-05j),(-0.0003161135753530337+0.0002033493041536551j),(5.874543161408151e-06+3.0893027606590534e-05j),(2.0126057403350455e-05+2.2335248280013277e-05j),(-0.0004922139454308748+0.0008411991435524711j),(3.114260854919552+1.2973347957942631j),(0.0062963497759621805+0.0030145022610633277j),(-0.0009864296525890716-0.0006388933376517251j),(0.00043650202623621195-0.0002946856828845323j),(8.672476014624572e-06+2.0539478839684772e-06j),(0.7607986454828168-0.22690272628804803j),(-0.00041725968748668966+4.200678547699996e-05j),(-0.00019592814420182016+5.5174365309759436e-05j),(-3.192163207813983e-05+4.3494292189304884e-05j),(-2.480902719758372e-05+4.495732923533315e-05j),(7.996562480548567e-06+2.9915111495728517e-05j),(2.2163930084800265e-05+1.9898149796244214e-05j),(-0.00018757037028633542-0.00469980377740575j),(2.332969727885778e-07-4.1795453720804876e-07j),(0.00017139757049070543-0.00020040931412814057j)
Bus 26,(0.0005958287451487645-0.00011561080057610127j),(0.0015684800741307106-0.0003309056927136293j),(0.00011336755992699053-0.0004318218821961575j),(-2.000081192638861e-05-2.4489100100578497e-05j),(-4.405377260522409e-06-3.726882846140772e-06j),(-2.0169755825276986e-06-4.40540182366078e-07j),(-6.627561101743084e-07+3.6035628776588344e-07j),(-8.016602701190051e-07+1.3037073543597393e-07j),(-4.097776225362871e-07-5.633676219825441e-06j),(-1.4524360179897012e-06-1.2478508592691668e-06j),(-1.0123715474849364e-06-4.3455140453454016e-06j),(-9.80911710270002e-07-4.4747983223280884e-06j),(-9.583205207641638e-07-4.656162896558835e-06j),(1.4248976344280665e-06-2.9509119616851863e-05j),(4.2755614554258624e-05-9.197893358002295e-05j),(0.00046222504536606846-0.00016218324500622786j),(0.002918823331571624+0.001202840237204455j),(0.0011629697334604784-0.0004045120965324873j),(1.366254342232805e-06-1.2005549751269043e-05j),(-3.64598875382907e-07-1.1447835671266744e-05j),(3.279946441528399e-05-7.54857550508798e-05j),(-4.828797436219662e-06-4.9088781788826955e-06j),(-6.381735064209808e-06-1.6167446333389855e-06j),(-1.2763749897562694e-05-0.00021302951724674546j),(0.0062963497759621805+0.0030145022610633273j),(0.003934123529820434+0.07980556249289313j),(0.011342726257662437+0.007302956967224543j),(0.005343664994066538+0.002790103833529187j),(2.654310402499551e-05+9.849803238715758e-05j),(0.0015651684395463614-0.0004056275762199127j),(-1.941504309793768e-06-1.9166855613523453e-07j),(-1.500125332192893e-06-1.0489081134536742e-06j),(5.18147167256161e-07-1.180225530880324e-05j),(-9.546671424967151e-07-1.1203047403826134e-05j),(-5.096085696542515e-06-4.472628412266009e-06j),(-6.456136211418691e-06-9.25105682704251e-07j),(-3.4373497378578096e-08-9.576721411369713e-06j),(5.4782669259212744e-06+7.303649630675677e-08j),(0.0029509838029557855+0.0006343829870279865j)
Bus 27,(-0.002665219936719738-0.0015443317895369629j),(-0.0071047910174281475-0.003964573412082026j),(0.007830329504465407-0.04484416896470844j),(-0.0023914258881229953-0.002572929869985019j),(-0.0005260302010462109-0.000405908703756781j),(-0.0002459157533518113-7.184364797123118e-05j),(-7.104820743263941e-05+4.187056904102066e-05j),(-7.478828450412111e-05+3.267857216711473e-05j),(-4.9328203725196475e-05+3.520431934112923e-05j),(-0.0002366301566423263-0.00027601612737779784j),(-6.332293958882546e-05-0.0008437127296115771j),(-5.5191029911648144e-05-0.0008680241262326722j),(-4.722333410668269e-05-0.0009023647042356421j),(0.0009696290463499767-0.005580943475294051j),(0.00876284037705166-0.020780220890926505j),(0.10101350545393023-0.04016567699660599j),(0.6580184205508068+0.24014751721624134j),(0.25907708022904224-0.08821901805836811j),(0.00019372382551640006-0.0026744124958574915j),(-0.0001849837135950009-0.002535005234018418j),(0.0065859094305429815-0.017035790983357925j),(-0.0011153427315213904-0.0010445149671625717j),(-0.0014297260271765601-0.0003004249586212167j),(-0.004768036874476803-0.04711879972225341j),(-0.00098642965258907-0.0006388933376517257j),(0.01134272625766244+0.007302956967224543j),(2.570849812422085+1.4905551212819246j),(0.0009081983460485694-0.0004594010164433023j),(1.6130861737511294e-05+6.036127264390125e-06j),(-0.007341307742660136-0.0036676312563958756j),(-0.0002387079998329978-4.038650961879579e-05j),(-0.000251310240273057-0.00024005489562140697j),(7.5228880939510676e-06-0.002621620871708935j),(-0.00031359236174843775-0.0024753605981554096j),(-0.0011706398219796226-0.0009453540259757868j),(-0.0014399310836952857-0.00014639142259550097j),(-3.1709612483029e-05+3.729093482741468e-05j),(5.484145196357312e-07-7.449050842422877e-07j),(0.0003771050322423853-0.00034278001655080163j)
Bus 28,(1.5218784278759888e-05-4.3187500479999795e-05j),(3.833349671504757e-05-0.00011470233791295326j),(-2.3774485183806275e-05-2.385996480010322e-05j),(-2.3570933249736015e-06+3.6685926704035485e-07j),(-4.106844305725594e-07+1.4443588259852047e-07j),(-1.0565560848565481e-07+1.144434856656692e-07j),(-1.84606827850224e-09+5.688469929932841e-08j),(-2.2114703500505592e-08+5.714576394720067e-08j),(-3.8226336966811786e-07-1.8836655150994906e-07j),(-1.3664482551092733e-07+4.6890471029458336e-08j),(-3.214343158054843e-07-9.9983297569033e-08j),(-3.2864694070464447e-07-1.069653014242917e-07j),(-3.395873025191916e-07-1.1535803065620796e-07j),(-1.8659759518546155e-06-1.2190712055090805e-06j),(-4.353754929509581e-06-6.293178695844945e-06j),(7.088428665734801e-06-3.627061878279485e-05j),(0.00018968668791539132-0.0001440365017493443j),(1.8065360277268248e-05-9.112247090297728e-05j),(-7.291354848876637e-07-5.471554060863131e-07j),(-7.589066583356945e-07-4.132291967641536e-07j),(-3.660448813704504e-06-5.015729351042835e-06j),(-5.03766737988231e-07+1.2687480802579607e-07j),(-3.487993298384243e-07+3.535937637995859e-07j),(-1.4350493774369255e-05-7.300567356799999e-06j),(0.00043650202623621206-0.0002946856828845324j),(0.005343664994066541+0.002790103833529187j),(0.0009081983460485693-0.00045940101644330225j),(3.850315377943788+1.81100356064503j),(0.017014701248161086+0.008357017273803174j),(3.3344421999250646e-05-0.00011733891082186626j),(-8.657911586650638e-08+1.1903130820935974e-07j),(-1.2551850851869663e-07+5.758745649593702e-08j),(-7.482773834411016e-07-4.842035707134184e-07j),(-7.654990942261073e-07-3.6548595368308936e-07j),(-4.855791490853546e-07+1.609204710448501e-07j),(-3.0662942202299097e-07+3.8483495604419497e-07j),(-6.245357795138153e-07-3.6330008419926997e-07j),(0.0006812872937689298-0.0007565351969536197j),(0.00015392077061742498-0.00016782703734038995j)
Bus 29,(7.120079169331493e-07-3.0576131389042084e-07j),(1.8671116949826551e-06-8.380423527584018e-07j),(2.4371143132557357e-08-5.694697483103792e-07j),(-3.159168288200884e-08-2.5130204757894588e-08j),(-6.506442392697699e-09-3.4553404535430668e-09j),(-2.6357853918634774e-09-2.8200262022682378e-12j),(-7.29156356750715e-10+6.292468460866842e-10j),(-9.647997463669834e-10+3.7997566250771256e-10j),(-2.0384987667667305e-09-6.917424568118772e-09j),(-2.150330287103039e-09-1.1630562596827657e-09j),(-2.4410733709363735e-09-5.146966843365572e-09j),(-2.436872812781115e-09-5.316789130123167e-09j),(-2.4578554211366056e-09-5.5491819808654305e-09j),(-6.222104607951157e-09-3.720154161284569e-08j),(2.8406360849072522e-08-1.2634277932384235e-07j),(5.326998042502623e-07-3.2764522083889076e-07j),(3.967577045096598e-06+7.093703967662968e-07j),(1.3412470141463008e-06-8.199408501956187e-07j),(-1.5501271725901981e-09-1.5348379397107788e-08j),(-3.558327095589474e-09-1.4183354716520669e-08j),(2.0456403277146706e-08-1.0306700018528141e-07j),(-7.355130513366866e-09-4.815197702976491e-09j),(-8.400075881312978e-09-2.8697302604808e-10j),(-7.367527365505521e-08-2.623131235673826e-07j),(8.672476014624572e-06+2.053947883968476e-06j),(2.6543104024995506e-05+9.849803238715755e-05j),(1.6130861737511294e-05+6.036127264390127e-06j),(0.017014701248161086+0.008357017273803172j),(0.006113990069742798+0.0801499710933728j),(1.8427233642572223e-06-9.303667962679915e-07j),(-2.474160254752966e-09+2.8720959315706867e-10j),(-2.1558944630529207e-09-9.019290820549184e-10j),(-2.5531042810469727e-09-1.4864833357205337e-08j),(-4.228128864050314e-09-1.3717994633432452e-08j),(-7.570331076212429e-09-4.198476554673432e-09j),(-8.305397694661624e-09+5.960780625013635e-10j),(-2.6390907103524512e-09-1.1938495457243722e-08j),(0.0042307090684105784+0.0008594684820995085j),(3.853593861314263e-06-8.549275893902957e-09j)
Bus 30,(1.1904033677390322+0.20104419619168656j),(3.1522221746657317+0.4797659025995016j),(0.2774673886731683-0.37877042635435326j),(-0.009753303563868339-0.02906815299934057j),(-0.0027089875115102434-0.004655273031673176j),(-0.001647266676345542-0.0007192354609025631j),(-0.0007330321175281189+0.0001231893304234135j),(-0.000837769473415543-0.0003037812027863607j),(0.0034788299530480894-0.010770530891535426j),(-0.0008411876964213017-0.00018834593252690883j),(-0.0013310861664849586-0.0015251082724864408j),(-0.001336883985364335-0.0015702338453317927j),(-0.0013572289929166467-0.0016341739867847189j),(-0.0047496994521464735-0.010835806535191481j),(-0.0028189260277095844-0.00011174782427961937j),(-0.007328364423103022-0.005323458992567111j),(-0.011498298040819432-0.05661945010016168j),(-0.01790201133203269-0.12898176262973077j),(-0.00019694799944218393+0.00010550310839833605j),(-0.000170260411877419+0.00012595910434968203j),(-0.001492968175400395+0.00029519407475526045j),(-2.3860990426581764e-05+0.00012506916503490155j),(4.2539466796915135e-05+0.00011405740139450528j),(-0.0031054369362757644+0.0024348645886425064j),(0.7607986454828167-0.2269027262880478j),(0.0015651684395463611-0.0004056275762199123j),(-0.007341307742660138-0.0036676312563958765j),(3.3344421999250686e-05-0.00011733891082186622j),(1.842723364257222e-06-9.303667962679905e-07j),(3.20660113275098+0.5206711415044849j),(-0.001625157299668092-0.0004938983337150272j),(-0.0008180254715114511-9.921078450163497e-05j),(-0.00018493551528881016+0.00011626252465703416j),(-0.0001603310909841923+0.00013235788370037678j),(-1.4415147812275806e-05+0.00012454530382993508j),(5.384030745388024e-05+0.00010791384893511059j),(0.006628972058261106-0.01786354131766732j),(-2.104605738054231e-08-1.0884998026496552e-07j),(4.5363134553423456e-07-6.107751331376111e-05j)
Bus 31,(-0.0007996479570283618-0.0007240136282490261j),(-0.0015871891127251373-0.0005626893205920305j),(0.00044365099445627283-0.00924562013692666j),(0.08319011272704216-0.034194965835650584j),(0.62739541381786+0.402123772636142j),(0.859426950821919+0.5985645918939986j),(0.2429170554407884-0.038376733191979734j),(0.11373041507468373-0.07105110683428308j),(0.04670778213598979-0.02877697460084134j),(0.08603808108115926-0.022538855327165118j),(0.20249418049974346+0.08506976411516362j),(0.19688145905493004+0.08070285674833161j),(0.19349287009143185+0.07737256237037507j),(0.1161247500418024+0.021629981655460324j),(0.00845423272644907-0.006213231344707313j),(0.00014668749415903482-0.0015918297824405532j),(-0.0007606414151027857-0.0015269441952149064j),(-0.0018519870632725908-0.002164239723405249j),(-3.376674410179833e-05-2.0363043040301894e-05j),(-3.446320193722831e-05-1.4469637615312284e-05j),(-0.0001794237143784586-0.00019986693000001427j),(-2.1125323114924047e-05+7.659427186096e-06j),(-1.3466545991749396e-05+1.6739533414506857e-05j),(-0.0006494382214107897-0.000251520440506793j),(-0.00041725968748668955+4.200678547699969e-05j),(-1.9415043097937684e-06-1.916685561352347e-07j),(-0.00023870799983299792-4.0386509618795734e-05j),(-8.657911586650642e-08+1.1903130820935978e-07j),(-2.4741602547529655e-09+2.8720959315706893e-10j),(-0.0016251572996680912-0.000493898333715027j),(0.8916947417249766+0.6315276740718309j),(0.07969629253393495-0.029615179676879034j),(-3.431565380341251e-05-1.757037944820766e-05j),(-3.453845501200873e-05-1.2386256715456472e-05j),(-2.0193988479469292e-05+9.045151906461543e-06j),(-1.1515392847912279e-05+1.7899862350064826e-05j),(-0.00031410981182884305-0.00080064536939158j),(-2.144315937749568e-11+1.3204242511494397e-10j),(-2.59215378208733e-08+6.898990241475868e-08j)
Bus 32,(-0.0003501752518851537-7.254782804378912e-05j),(-0.0008056741441276675-0.00013527266348963972j),(-0.0006003321002161215-0.004530239984712023j),(0.03758445048995117-0.02274915971224814j),(0.0665287136903623-0.01987685674913066j),(0.08741021039640547-0.021312063868756934j),(0.011261262849178715-0.01805924158450577j),(0.0020150467909200638-0.01194561814341487j),(0.000853602037146083-0.004879580034386141j),(1.0882096735967874+0.6418612423016614j),(0.6911394491006198+0.3956033812241047j),(0.6891855533194238+0.39473508394523177j),(0.6949562842627799+0.39878833884653303j),(0.3261062300043332+0.17018477834443999j),(0.03092715158340027-0.010833699423133626j),(0.0023160676055729024-0.0044045161984844474j),(0.00032333847530989675-0.0024282075048527663j),(-0.0012402159753995474-0.0016355285670936553j),(-7.290360555946732e-05-9.875513676191973e-05j),(-8.191955532882503e-05-8.263087298096775e-05j),(-0.0002783102138335526-0.0007884322615698352j),(-6.98830123395321e-05-3.1037498491316708e-06j),(-5.86561193105418e-05+3.212921059258136e-05j),(-0.0015688921142045977-0.0014962855038446522j),(-0.00019592814420182005+5.5174365309759314e-05j),(-1.5001253321928923e-06-1.048908113453674e-06j),(-0.0002513102402730569-0.00024005489562140691j),(-1.2551850851869663e-07+5.758745649593702e-08j),(-2.1558944630529207e-09-9.019290820549185e-10j),(-0.0008180254715114509-9.921078450163512e-05j),(0.07969629253393493-0.029615179676879037j),(1.1112941104347582+0.6593027133638892j),(-7.780556892286425e-05-9.137490245431193e-05j),(-8.461502761143529e-05-7.672736125459916e-05j),(-6.885279795508878e-05+1.9906148119450436e-06j),(-5.442409762346017e-05+3.778867596071339e-05j),(-7.49795142449995e-05-2.3079224619780218e-05j),(-7.821433532598702e-11+9.816074615421683e-11j),(-5.2905204618159505e-08+4.452447140576731e-08j)
Bus 33,(-7.197819965979951e-05+3.929791960069158e-05j),(-0.0001884189367629406+0.00010677684729065815j),(-0.0008845183516971078-0.0008291742998013508j),(-0.00020784032240905623-0.00014792544842469362j),(-5.454781045166517e-05-3.583675341580727e-05j),(-3.390303434545114e-05-2.2692870081978856e-05j),(-1.0500154837587872e-05+2.895176892807403e-06j),(-8.094632378437136e-06+4.077095603329518e-06j),(-3.0790401036985713e-06+2.376291876821198e-06j),(-7.148700539249076e-05-0.0001032064736299399j),(8.79617715379218e-06-0.00029189139336679347j),(1.1842953973051676e-05-0.0003001196646532801j),(1.5189197277102795e-05-0.00031179872881079677j),(0.0004720109945870792-0.0018955347212423943j),(0.0025547712009623465-0.008249898546535853j),(0.03684075085470312-0.019235132238720688j),(0.014958228918187225-0.010847684930822873j),(0.0018891750342321311-0.006963552073456712j),(0.536529536883984+0.16479678110026488j),(0.5258287111454915+0.08100692294044487j),(0.0018367477823021687-0.006736900663264328j),(-0.00046511372145989185-0.0003535028121172174j),(-0.0005555022705959275-5.8200500996724526e-05j),(-0.0036605300059112766-0.01773233984055009j),(-3.192163207813984e-05+4.349429218930488e-05j),(5.181471672561617e-07-1.1802255308803234e-05j),(7.522888093951501e-06-0.002621620871708934j),(-7.482773834411018e-07-4.842035707134186e-07j),(-2.5531042810469743e-09-1.4864833357205335e-08j),(-0.00018493551528881013+0.00011626252465703419j),(-3.431565380341251e-05-1.757037944820766e-05j),(-7.780556892286421e-05-9.13749024543119e-05j),(0.5476499796990317+0.23475643451604283j),(0.5196849871546694+0.05197572568160663j),(-0.0004822556804789102-0.0003136240655178226j),(-0.0005533445149789974+7.78488238512118e-07j),(4.1219461403922535e-07+1.2887498532802598e-06j),(-8.05450503547311e-10-8.607527381484175e-11j),(-4.2569134555689034e-07-1.3396204324146206e-07j)
Bus 34,(-6.313010374626668e-05+4.589651287836932e-05j),(-0.00016477929638045893+0.0001238308558138019j),(-0.000936290309780821-0.0006744238282770287j),(-0.00021426710805722254-0.00011419644414596868j),(-5.586921339473715e-05-2.7152214720082596e-05j),(-3.477561522950431e-05-1.727163957078041e-05j),(-9.556509260035246e-06+4.017082646376721e-06j),(-7.141455712128881e-06+4.838388801930687e-06j),(-2.6154968483677963e-06+2.619531643132173e-06j),(-8.009850589103777e-05-8.866762156761664e-05j),(-2.7403613000034693e-05-0.0002765803101278448j),(-2.5534418518693988e-05-0.00028471933833102445j),(-2.3804692275309212e-05-0.00029615206090351925j),(0.00021363825614084106-0.001846856741531848j),(0.0014021649892526052-0.008099256110962152j),(0.03241951227564022-0.022661840816568066j),(0.012791502377026108-0.012068467860992766j),(0.000931289952988209-0.00680370661874211j),(0.526567174432474+0.08991330158976571j),(0.5379037175554947+0.1367491130280597j),(0.0009095314261550961-0.006583366427963422j),(-0.0004822444079220219-0.0002767612049373806j),(-0.000531435241767764+1.3019414917669496e-05j),(-0.005624153716477362-0.01628904914756998j),(-2.4809027197583696e-05+4.4957329235333146e-05j),(-9.546671424967158e-07-1.120304740382613e-05j),(-0.00031359236174843754-0.0024753605981554087j),(-7.654990942261072e-07-3.654859536830893e-07j),(-4.228128864050314e-09-1.3717994633432446e-08j),(-0.00016033109098419218+0.00013235788370037684j),(-3.453845501200872e-05-1.2386256715456465e-05j),(-8.461502761143525e-05-7.672736125459911e-05j),(0.5196849871546693+0.051975725681606605j),(0.5453580015186187+0.21157665677496545j),(-0.0004935457841998111-0.00023702438198064526j),(-0.0005221839494299971+6.842331237759646e-05j),(5.467014465092846e-07+1.1659758984816542e-06j),(-7.707609361102617e-10+1.7284777200518948e-11j),(-4.1817965816787196e-07-7.436807220740388e-08j)
Bus 35,(-8.274498109804685e-06+4.633516721556993e-05j),(-1.9912239453509475e-05+0.00012269601378189112j),(-0.0006889289895887893+9.794394059028317e-05j),(-0.0001408861869953959+3.9870033062096365e-05j),(-3.5639070708219474e-05+1.1536957560905842e-05j),(-2.23383701950233e-05+7.019891875122912e-06j),(-2.4770838178372802e-06+5.739770196409801e-06j),(-1.0837599447433545e-06+5.087825969843658e-06j),(-4.280202979916361e-08+2.2319039757165525e-06j),(-7.187782921023692e-05-5.088604292360911e-06j),(-0.0001274794591898089-0.00010881773504979454j),(-0.00013006738466177182-0.00011313790167240269j),(-0.00013409215778275533-0.00011883201947181174j),(-0.0006787724316045681-0.0008923486774844165j),(-0.002774389929788149-0.004107733654394525j),(0.004628474115970151-0.023400057528923913j),(0.0005196799506784928-0.010592496746411374j),(-0.002437826184890627-0.0033476335631222936j),(-0.0004698081982397763-0.00035422750506847796j),(-0.0004892205763986224-0.0002678300500473714j),(0.19768384367920838-0.10387632321307508j),(1.2914778165214582+0.4684559992936544j),(0.09355437538126596-0.10568703671725689j),(-0.014733359806171763-0.013570918635609873j),(7.996562480548564e-06+2.9915111495728503e-05j),(-5.096085696542512e-06-4.472628412266009e-06j),(-0.001170639821979623-0.0009453540259757864j),(-4.855791490853547e-07+1.609204710448503e-07j),(-7.570331076212432e-09-4.198476554673429e-09j),(-1.4415147812275783e-05+0.00012454530382993508j),(-2.0193988479469296e-05+9.045151906461543e-06j),(-6.885279795508875e-05+1.99061481194503e-06j),(-0.0004822556804789103-0.0003136240655178228j),(-0.0004935457841998111-0.00023702438198064532j),(1.31032794816692+0.47927905530334697j),(0.08110888282131384-0.11390547621052803j),(7.249055379900515e-07+2.785833975136513e-07j),(-3.279344344516108e-10+3.295624668022745e-10j),(-2.129137569765063e-07+1.4238954780627305e-07j)
Bus 36,(1.7684800693232913e-05+4.1677835951220485e-05j),(4.8439778474246466e-05+0.00010931294240015352j),(-0.0005035519868320097+0.0004409675102536376j),(-9.254955520496844e-05+0.00010616217119701576j),(-2.264895095080478e-05+2.8024372562567966e-05j),(-1.4307339663828822e-05+1.7395201746701873e-05j),(1.020858141718581e-06+5.925970747468478e-06j),(1.8007456913156922e-06+4.668492657341268e-06j),(1.1384741556449924e-06+1.8205949378286216e-06j),(-6.0581589390907365e-05+3.367518473759361e-05j),(-0.00015989013558405057-2.0671734119637007e-05j),(-0.00016424548436404227-2.279215215748962e-05j),(-0.00017048047602386294-2.5264351509093416e-05j),(-0.0010158088492595353-0.0003621849067965834j),(-0.004393928908330321-0.0018512798190599145j),(-0.008568826648045088-0.021284366077790755j),(-0.005148118496045005-0.008806802819977567j),(-0.003723317521075859-0.0014157943613007358j),(-0.0005646551544611113-3.8474739481631824e-05j),(-0.0005348890498943638+4.1332103612636717e-05j),(-0.006418223508560151-0.024397068727411996j),(0.09061808104272603-0.10933368934835941j),(1.1348531327376916+0.22993542245861304j),(0.030161135913639628-0.0740361962610947j),(2.216393008480024e-05+1.9898149796244207e-05j),(-6.456136211418691e-06-9.25105682704251e-07j),(-0.0014399310836952861-0.00014639142259550097j),(-3.066294220229911e-07+3.8483495604419507e-07j),(-8.305397694661628e-09+5.960780625013627e-10j),(5.384030745388021e-05+0.00010791384893511054j),(-1.1515392847912286e-05+1.789986235006483e-05j),(-5.4424097623460184e-05+3.778867596071339e-05j),(-0.0005533445149789974+7.784882385120095e-07j),(-0.0005221839494299971+6.842331237759637e-05j),(0.08110888282131384-0.11390547621052806j),(1.165428002714196+0.29500537902575696j),(7.3041650864624e-07-1.5653093053246857e-07j),(-9.09969905388744e-11+4.378501511090711e-10j),(-9.669930564418196e-08+2.2660895437233226e-07j)
Bus 39,(0.2941699530496099+0.02879293362805526j),(0.0073735804517384845-0.017391895304430256j),(-0.0017903166415475357-0.002146512679982664j),(-0.0002884667858184167-0.0001747090494329756j),(0.0008307007078999219-0.0017539344800883312j),(-0.0002315415663199332-0.0008801839417973937j),(0.0006889647803450037-0.003943256701278627j),(0.006398126934749713-0.006885124796666704j),(0.2793015793931847+0.03303910701154324j),(-7.564803644356171e-05-3.182168060649852e-05j),(-9.970541785184809e-05-0.00017545082544591j),(-9.881263269403037e-05-0.00016966016681383553j),(-9.896595023350181e-05-0.00016587758792723864j),(-0.00014864737539767558-0.00013079621232343889j),(-1.8799660624714716e-05+1.2587658427652207e-05j),(-4.323894189800556e-05+3.575117056865408e-05j),(-0.00034442464156253364-1.4210066642201043e-05j),(-0.0007710068969731856-8.124197501478404e-05j),(3.291205340059415e-07+1.344215988749068e-06j),(4.929998123405585e-07+1.2156714134187564e-06j),(-5.320091847792607e-07+9.411563677250531e-06j),(7.134782001651296e-07+3.360565354010437e-07j),(7.49840109656249e-07-7.92615408599882e-08j),(9.8165691539348e-06+2.2385059102817577e-05j),(-0.00018757037028633238-0.004699803777405744j),(-3.4373497378575806e-08-9.5767214113697e-06j),(-3.1709612483029e-05+3.729093482741467e-05j),(-6.245357795138146e-07-3.633000841992698e-07j),(-2.639090710352442e-09-1.193849545724371e-08j),(0.006628972058261103-0.017863541317667306j),(-0.000314109811828843-0.0008006453693915797j),(-7.497951424499952e-05-2.3079224619780214e-05j),(4.121946140392245e-07+1.2887498532802588e-06j),(5.467014465092837e-07+1.1659758984816536e-06j),(7.249055379900511e-07+2.785833975136513e-07j),(7.304165086462399e-07-1.565309305324685e-07j),(0.4655598382706687+0.06536545481557361j),(-6.555184582740993e-10-3.871952629088959e-11j),(-3.498530037184724e-07-9.210183106504919e-08j)
PV1 LV,(-5.356341608016085e-09-4.1270622279219036e-08j),(-1.591835539260629e-08-1.0875614696356033e-07j),(-2.906499317812974e-08-9.610129431129258e-09j),(-1.7616589545994499e-09+1.2637039487445161e-09j),(-2.7393801048887787e-10+2.8549298310565975e-10j),(-3.87980549601329e-11+1.3613986835551138e-10j),(2.1818162737870743e-11+4.6900357186737503e-11j),(5.483666566330665e-12+5.541974830911557e-11j),(-3.8729105745371177e-10+3.881388118909013e-12j),(-9.162420924224755e-11+9.4043978298914e-11j),(-3.01721632247105e-10+5.064371637362235e-11j),(-3.104341189410999e-10+4.7936337984388566e-11j),(-3.2274869122589687e-10+4.561251691057757e-11j),(-2.0133089842737895e-09-2.2406732035558805e-10j),(-6.1110974576872125e-09-3.3203988816902437e-09j),(-9.116457285130799e-09-3.2327354921909e-08j),(9.483288125746357e-08-1.9458741131285464e-07j),(-2.26946367526986e-08-8.132122717556074e-08j),(-8.157254159056853e-10-1.449863074285952e-10j),(-7.849820823387397e-10-2.4145639325259267e-11j),(-5.025106357399564e-09-2.5683275566526716e-09j),(-3.5664232230353915e-10+3.0939997539805645e-10j),(-1.380093580878526e-10+4.2979235825668774e-10j),(-1.463315062544503e-08-4.015162259308248e-11j),(2.332969727885777e-07-4.179545372080488e-07j),(5.478266925921273e-06+7.303649630675618e-08j),(5.484145196357315e-07-7.449050842422878e-07j),(0.0006812872937689299-0.00075653519695362j),(0.0042307090684105784+0.0008594684820995084j),(-2.104605738054238e-08-1.0884998026496554e-07j),(-2.1443159377495692e-11+1.3204242511494402e-10j),(-7.821433532598702e-11+9.816074615421687e-11j),(-8.054505035473113e-10-8.607527381484181e-11j),(-7.707609361102619e-10+1.7284777200518922e-11j),(-3.27934434451611e-10+3.2956246680227453e-10j),(-9.099699053887439e-11+4.3785015110907114e-10j),(-6.555184582740999e-10-3.871952629088926e-11j),(0.004239748869817547+0.0009671749951863552j),(5.6069142204440305e-08-1.9922622468509595e-07j)
PV2 LV,(1.5888891287174709e-06-2.2872736663269916e-05j),(3.213009887044899e-06-6.046996859922437e-05j),(-1.4654901151228663e-05-8.34704322925331e-06j),(-1.088742344852112e-06+4.912358921848578e-07j),(-1.7896336379338819e-07+1.244507472756963e-07j),(-3.574022335678013e-08+6.931828373523453e-08j),(6.691067691432058e-09+2.7701201049775893e-08j),(-3.0567001868488685e-09+3.052877439776867e-08j),(-2.0960473438606718e-07-3.996303063658111e-08j),(-5.970105385897134e-08+4.0844627691173965e-08j),(-1.6846541522664494e-07-5.4130549496413746e-09j),(-1.728771752155665e-07-7.821528978884403e-09j),(-1.7927614366663434e-07-1.0414019534052664e-08j),(-1.0630927321547378e-06-3.396664414405561e-07j),(-2.940127055897667e-06-2.457069577222921e-06j),(-1.413250766040495e-06-1.8450653948238976e-05j),(7.235303976958625e-05-9.480157723372066e-05j),(-3.426394018860588e-06-4.6387747677596026e-05j),(-4.248433374946856e-07-1.6689685156321757e-07j),(-4.213614640416706e-07-9.828982614159677e-08j),(-2.435236972110303e-06-1.932924037579118e-06j),(-2.262298022850356e-07+1.2838175575241074e-07j),(-1.212165051508658e-07+2.171512896222708e-07j),(-7.899280767920217e-06-1.6108329367719862e-06j),(0.00017139757049070548-0.0002004093141281406j),(0.002950983802955786+0.0006343829870279866j),(0.0003771050322423853-0.0003427800165508016j),(0.00015392077061742495-0.00016782703734038984j),(3.853593861314262e-06-8.549275893903222e-09j),(4.5363134553420746e-07-6.107751331376111e-05j),(-2.592153782087331e-08+6.898990241475867e-08j),(-5.2905204618159505e-08+4.4524471405767305e-08j),(-4.256913455568905e-07-1.339620432414621e-07j),(-4.1817965816787196e-07-7.436807220740384e-08j),(-2.129137569765063e-07+1.4238954780627305e-07j),(-9.669930564418197e-08+2.2660895437233226e-07j),(-3.498530037184727e-07-9.210183106504908e-08j),(5.60691422044403e-08-1.992262246850959e-07j),(0.002971649046774871+0.0006783438156114554j)
